diagnosis,average_tree_depth,average_lexical_density,word_stutter_count,syllable_stutter_ratio
patient,1.712347274054107,25.379690750503002,22.58477508650519,0.07541797164818731
control,2.8626844979628103,37.8549580139661,10.270114942528735,0.10453473551909147
