diagnosis,average_tree_depth,average_lexical_density
patient,1.712347274054107,25.379690750503002
control,2.8626844979628103,37.8549580139661
